Pollutant:,OC,Unit: grams,,,,,,,,,,,,,,,,,,,,,,,,,,,,,,,,,,
,2015.0,2016.0,2017.0,2018.0,2019.0,2020.0,2021.0,2022.0,2023.0,2024.0,2025.0,2026.0,2027.0,2028.0,2029.0,2030.0,2031.0,2032.0,2033.0,2034.0,2035.0,2036.0,2037.0,2038.0,2039.0,2040.0,2041.0,2042.0,2043.0,2044.0,2045.0,2046.0,2047.0,2048.0,2049.0,2050.0
agriculture and forestry 01T03,0.0,0.0,0.0,0.0,0.0,59996.99248120301,60410.02506265664,60823.057644110275,64320.209973753284,65676.34476957742,66369.01554068239,66910.54097548474,67438.14535100365,67913.31702310918,68439.90454285884,68950.89399646521,68828.61194241936,68871.1446672887,68578.4458656607,68450.91559707346,68305.10100605349,68248.55269334478,68170.70925651884,68172.98699715588,68172.6734763765,68170.99716781118,68144.34165317946,68242.70978533846,68312.47613117361,68412.9847727927,68596.24068542512,69180.58287955802,69772.5853421365,70382.92469897293,70910.63037318634,71453.18515872238
coal mining 05,0.0,0.0,0.0,0.0,0.0,27534257.142857146,28031897.14285714,28340901.608325448,31778881.994110223,28404369.16425318,29744391.676753666,34060616.38032045,35753739.79137089,38830379.50437096,42310348.57590977,43750857.12787447,44076693.562355325,42862002.602928884,42761962.957408905,43127158.46232108,42249238.83289626,42092026.98575361,42597291.60246145,42967073.50670045,44100296.379550874,43161954.67359906,42256551.24447186,41380631.5764652,41394528.86516067,42315847.35635039,42551985.70189475,42842794.497133926,43568829.58181638,43930542.82555979,44051854.261503264,43867011.632822275
oil and gas extraction 06,0.0,0.0,0.0,0.0,0.0,45022134.991119005,45836621.669627,43430465.481603965,43571753.28947368,47147222.997671604,47961574.258406885,46296469.358843796,47214687.44538418,48697204.82420412,49748870.89384019,51103657.38374809,52068076.36297657,52863613.38978232,53236619.07616111,53383179.6538497,53762979.60264378,53693729.681029804,53818197.751980305,54022021.32542675,54069833.763871506,54962669.662920706,55165424.37559678,55654142.865581036,55786600.23691163,56029902.03992133,56439463.11299154,56892233.46363023,57098703.42859581,56866657.20244319,57126744.048487686,57642669.58778411
other mining and quarrying 07T08,0.0,0.0,0.0,0.0,0.0,0.0,0.0,0.0,0.0,0.0,0.0,0.0,0.0,0.0,0.0,0.0,0.0,0.0,0.0,0.0,0.0,0.0,0.0,0.0,0.0,0.0,0.0,0.0,0.0,0.0,0.0,0.0,0.0,0.0,0.0,0.0
food beverage and tobacco 10T12,0.0,0.0,0.0,0.0,0.0,0.0,0.0,0.0,0.0,0.0,0.0,0.0,0.0,0.0,0.0,0.0,0.0,0.0,0.0,0.0,0.0,0.0,0.0,0.0,0.0,0.0,0.0,0.0,0.0,0.0,0.0,0.0,0.0,0.0,0.0,0.0
textiles apparel and leather 13T15,0.0,0.0,0.0,0.0,0.0,0.0,0.0,0.0,0.0,0.0,0.0,0.0,0.0,0.0,0.0,0.0,0.0,0.0,0.0,0.0,0.0,0.0,0.0,0.0,0.0,0.0,0.0,0.0,0.0,0.0,0.0,0.0,0.0,0.0,0.0,0.0
wood products 16,0.0,0.0,0.0,0.0,0.0,0.0,0.0,0.0,0.0,0.0,0.0,0.0,0.0,0.0,0.0,0.0,0.0,0.0,0.0,0.0,0.0,0.0,0.0,0.0,0.0,0.0,0.0,0.0,0.0,0.0,0.0,0.0,0.0,0.0,0.0,0.0
pulp paper and printing 17T18,0.0,0.0,0.0,0.0,0.0,43724036.05514316,44353985.15376458,46991588.63018663,48695641.89907059,48205115.97942178,48164051.23221206,48349912.433523744,48311415.027418725,48514135.25824475,48844807.754540116,49096532.81702539,49585489.464544035,50059308.02075945,50343937.839937754,50708023.52099781,51059494.607670285,51160654.83788204,51356583.82107385,51850938.32745969,51878963.85498777,52352566.846301705,53012640.5172678,53518969.8191542,53898212.4421746,54103043.25916946,54275842.398545615,54463939.9794004,54453432.12432946,54533442.88815355,54683460.217350736,54864414.7236742
refined petroleum and coke 19,0.0,0.0,0.0,0.0,0.0,22417661.009379186,22481935.238945957,22551483.58275631,20860008.689686712,27294100.819497015,28683660.060959894,30307493.91566554,31558947.73037195,31352404.21682034,30693232.575865906,30519786.37330995,30088683.212846465,30856664.14014058,31031204.831027575,30979032.726183794,31526292.52384315,31579590.82193886,31944401.450583536,31593577.55304777,31617539.96533682,31673225.584278714,31355518.634695288,31641987.688673932,31511033.281864323,31719572.267469957,31818840.348441396,34156409.76692919,34140077.60339851,32684869.922417812,31795829.07185706,32118478.992965404
chemicals 20,0.0,0.0,0.0,0.0,0.0,3017139.6471011885,2107361.626281359,1972612.1647929994,2147327.940690691,2399050.1997774118,2135065.9955649152,1955041.6908498625,2039427.04155259,2132957.910792464,2225153.1031097216,2307280.6146411086,2366406.3665456926,2422726.5989683503,2505493.5779103455,2573391.560745288,2631768.349622653,2711486.5775945773,2786969.489340717,2847570.7349736416,2892137.226849523,2942764.8226873167,2995649.203505527,3097869.11428534,3202760.066125268,3283293.5145530864,3374743.2813405963,3415808.764359212,3434925.226881044,3451373.7404418057,3508009.4136423054,3581320.749022594
rubber and plastic products 22,0.0,0.0,0.0,0.0,0.0,0.0,0.0,0.0,0.0,0.0,0.0,0.0,0.0,0.0,0.0,0.0,0.0,0.0,0.0,0.0,0.0,0.0,0.0,0.0,0.0,0.0,0.0,0.0,0.0,0.0,0.0,0.0,0.0,0.0,0.0,0.0
glass and glass products 231,0.0,0.0,0.0,0.0,0.0,0.0,0.0,0.0,0.0,0.0,0.0,0.0,0.0,0.0,0.0,0.0,0.0,0.0,0.0,0.0,0.0,0.0,0.0,0.0,0.0,0.0,0.0,0.0,0.0,0.0,0.0,0.0,0.0,0.0,0.0,0.0
cement and other nonmetallic minerals 239,0.0,0.0,0.0,0.0,0.0,24383027.273715094,25515484.081277844,24330357.142857146,25362586.37709773,28856254.099835526,26261857.177264426,24312330.302180726,23104909.686499767,22120358.60764471,21823380.277416226,21486348.815331344,21185780.839281134,20915730.743823934,17352040.63002576,16688555.950262262,15951615.003499458,15247846.321866022,14810172.615354594,14439690.405643286,13840643.404122742,13454728.32185729,13035378.027087575,12674131.854158863,12402886.138091996,12202228.332908286,11887147.49620199,11684563.283478362,11503173.979002729,11310399.56283182,11173387.541090278,11072024.976103466
iron and steel 241,0.0,0.0,0.0,0.0,0.0,11182276.985743381,11311014.256619144,13342460.80760095,12987577.981651377,12590301.43857727,11749529.886187444,10570289.7314152,10130352.91098663,10270793.042448925,10304342.310226075,10185633.61580272,9965652.126766142,9595266.45890009,9595546.479859892,9758660.07616225,9803415.465906914,9906674.621939791,10016063.10514705,10109440.252231374,10230803.646800779,10318069.95086775,10348311.546343539,10450764.955227675,10643201.653017236,10754521.830140486,10788716.133956745,10756616.338709367,10630628.109851519,10484664.843570758,10490801.891128102,10589200.96130298
other metals 242,0.0,0.0,0.0,0.0,0.0,3901757.5757575757,4020567.783094099,4076902.617801047,4428310.690423163,4576347.996807944,4525484.591035941,4505455.6583062885,4603698.302312052,4771006.503221175,4908194.75828507,5024330.084404164,5090580.89580797,5101223.637005899,5098372.223648659,5110655.608484627,5142242.027804506,5190329.094500715,5243018.018771682,5283896.655602815,5313887.992727657,5366918.748980782,5407177.128620107,5438338.658606237,5489876.835862547,5544152.287383351,5571398.575509449,5579886.950816857,5586959.362688143,5600423.475948088,5614625.780575084,5613465.139082052
metal products except machinery and vehicles 25,0.0,0.0,0.0,0.0,0.0,0.0,0.0,0.0,0.0,0.0,0.0,0.0,0.0,0.0,0.0,0.0,0.0,0.0,0.0,0.0,0.0,0.0,0.0,0.0,0.0,0.0,0.0,0.0,0.0,0.0,0.0,0.0,0.0,0.0,0.0,0.0
computers and electronics 26,0.0,0.0,0.0,0.0,0.0,0.0,0.0,0.0,0.0,0.0,0.0,0.0,0.0,0.0,0.0,0.0,0.0,0.0,0.0,0.0,0.0,0.0,0.0,0.0,0.0,0.0,0.0,0.0,0.0,0.0,0.0,0.0,0.0,0.0,0.0,0.0
appliances and electrical equipment 27,0.0,0.0,0.0,0.0,0.0,0.0,0.0,0.0,0.0,0.0,0.0,0.0,0.0,0.0,0.0,0.0,0.0,0.0,0.0,0.0,0.0,0.0,0.0,0.0,0.0,0.0,0.0,0.0,0.0,0.0,0.0,0.0,0.0,0.0,0.0,0.0
other machinery 28,0.0,0.0,0.0,0.0,0.0,0.0,0.0,0.0,0.0,0.0,0.0,0.0,0.0,0.0,0.0,0.0,0.0,0.0,0.0,0.0,0.0,0.0,0.0,0.0,0.0,0.0,0.0,0.0,0.0,0.0,0.0,0.0,0.0,0.0,0.0,0.0
road vehicles 29,0.0,0.0,0.0,0.0,0.0,0.0,0.0,0.0,0.0,0.0,0.0,0.0,0.0,0.0,0.0,0.0,0.0,0.0,0.0,0.0,0.0,0.0,0.0,0.0,0.0,0.0,0.0,0.0,0.0,0.0,0.0,0.0,0.0,0.0,0.0,0.0
nonroad vehicles 30,0.0,0.0,0.0,0.0,0.0,0.0,0.0,0.0,0.0,0.0,0.0,0.0,0.0,0.0,0.0,0.0,0.0,0.0,0.0,0.0,0.0,0.0,0.0,0.0,0.0,0.0,0.0,0.0,0.0,0.0,0.0,0.0,0.0,0.0,0.0,0.0
other manufacturing 31T33,0.0,0.0,0.0,0.0,0.0,14140900.441083806,14259140.453686202,15504006.303942526,16856934.436978243,16582061.664706621,16133647.990665874,15905202.169388024,15872648.046019455,15929651.090890141,16168189.62480324,16460746.312790941,16744984.254784059,17226144.797740895,17637826.441146825,18064013.68204677,18427617.793360226,18646178.89610641,18926363.346322365,19337210.187768873,19589119.949228402,19967892.481020946,20337030.499041777,20649941.409682646,20897325.32127838,21140783.12015636,21422706.204904977,21910491.739069384,22215157.737077773,22478673.84573426,22769788.88119617,23068099.788551573
energy pipelines and gas processing 352T353,0.0,0.0,0.0,0.0,0.0,16009883.698760726,15948690.18112488,18401218.946671084,20120693.528693527,23107556.929158762,23535612.036596294,23668841.34403895,25219894.167781744,27167511.510204162,27473646.13288946,27912037.874968287,27588658.23475739,27016419.12054276,26046329.9711877,25398058.262747027,25132297.826674316,25108314.980672326,25129580.569853615,24818769.606866397,24931549.668011654,24811498.870260276,24556718.23871801,24534232.192636833,24672736.659639053,24792891.95854133,24927952.03875115,25011465.360350978,24845415.492724232,24742528.314853277,24864629.74266809,25142090.279357873
water and waste 36T39,0.0,0.0,0.0,0.0,0.0,0.0,0.0,0.0,0.0,0.0,0.0,0.0,0.0,0.0,0.0,0.0,0.0,0.0,0.0,0.0,0.0,0.0,0.0,0.0,0.0,0.0,0.0,0.0,0.0,0.0,0.0,0.0,0.0,0.0,0.0,0.0
construction 41T43,0.0,0.0,0.0,0.0,0.0,0.0,0.0,0.0,0.0,0.0,0.0,0.0,0.0,0.0,0.0,0.0,0.0,0.0,0.0,0.0,0.0,0.0,0.0,0.0,0.0,0.0,0.0,0.0,0.0,0.0,0.0,0.0,0.0,0.0,0.0,0.0
