Imported Electricity (MW*hour),2020.0,2021.0,2022.0,2023.0,2024.0,2025.0,2026.0,2027.0,2028.0,2029.0,2030.0,2031.0,2032.0,2033.0,2034.0,2035.0,2036.0,2037.0,2038.0,2039.0,2040.0,2041.0,2042.0,2043.0,2044.0,2045.0,2046.0,2047.0,2048.0,2049.0,2050.0
hard coal,485152.0,485152.0,485152.0,439478.0,417394.0,359983.0,306099.0,271698.0,116211.0,101294.0,79028.8,79028.8,79028.8,79028.8,79028.8,79028.8,79028.8,79028.8,79028.8,79028.8,79028.8,79028.8,79028.8,79028.8,79028.8,79028.8,79028.8,79028.8,79028.8,79028.8,79028.8
natural gas steam turbine,539407.0,539407.0,539407.0,506446.0,456659.0,425407.0,417961.0,363207.0,296024.0,277754.0,176044.0,176044.0,176044.0,176044.0,176044.0,176044.0,176044.0,176044.0,176044.0,176044.0,176044.0,176044.0,176044.0,176044.0,176044.0,176044.0,176044.0,176044.0,176044.0,176044.0,176044.0
natural gas combined cycle,0.0,0.0,0.0,0.0,0.0,0.0,0.0,0.0,0.0,0.0,0.0,0.0,0.0,0.0,0.0,0.0,0.0,0.0,0.0,0.0,0.0,0.0,0.0,0.0,0.0,0.0,0.0,0.0,0.0,0.0,0.0
nuclear,83564.4,83564.4,83564.4,88689.4,83850.3,86643.8,87088.0,84965.2,103373.0,64177.5,111936.0,111936.0,111936.0,111936.0,111936.0,111936.0,111936.0,111936.0,111936.0,111936.0,111936.0,111936.0,111936.0,111936.0,111936.0,111936.0,111936.0,111936.0,111936.0,111936.0,111936.0
hydro,406587.0,406587.0,406587.0,420174.0,412005.0,423742.0,424426.0,426258.0,441084.0,447458.0,379183.0,379183.0,379183.0,379183.0,379183.0,379183.0,379183.0,379183.0,379183.0,379183.0,379183.0,379183.0,379183.0,379183.0,379183.0,379183.0,379183.0,379183.0,379183.0,379183.0,379183.0
onshore wind,258387.0,258387.0,258387.0,293852.0,321317.0,386481.0,441604.0,477790.0,622708.0,640779.0,643568.0,643568.0,643568.0,643568.0,643568.0,643568.0,643568.0,643568.0,643568.0,643568.0,643568.0,643568.0,643568.0,643568.0,643568.0,643568.0,643568.0,643568.0,643568.0,643568.0,643568.0
solar PV,226868.0,226868.0,226868.0,258868.0,322412.0,331713.0,336599.0,355675.0,386910.0,419519.0,555401.0,555401.0,555401.0,555401.0,555401.0,555401.0,555401.0,555401.0,555401.0,555401.0,555401.0,555401.0,555401.0,555401.0,555401.0,555401.0,555401.0,555401.0,555401.0,555401.0,555401.0
solar thermal,0.0,0.0,0.0,0.0,0.0,0.0,0.0,0.0,0.0,0.0,0.0,0.0,0.0,0.0,0.0,0.0,0.0,0.0,0.0,0.0,0.0,0.0,0.0,0.0,0.0,0.0,0.0,0.0,0.0,0.0,0.0
biomass,13274.7,13274.7,13274.7,8818.47,8907.21,8412.69,8426.23,8243.16,7893.99,7933.32,6701.99,6701.99,6701.99,6701.99,6701.99,6701.99,6701.99,6701.99,6701.99,6701.99,6701.99,6701.99,6701.99,6701.99,6701.99,6701.99,6701.99,6701.99,6701.99,6701.99,6701.99
geothermal,9287.73,9287.73,9287.73,10177.7,8952.61,9069.65,9190.6,43634.3,47977.7,50069.3,46104.9,46104.9,46104.9,46104.9,46104.9,46104.9,46104.9,46104.9,46104.9,46104.9,46104.9,46104.9,46104.9,46104.9,46104.9,46104.9,46104.9,46104.9,46104.9,46104.9,46104.9
petroleum,12251.9,12251.9,12251.9,8277.17,3282.21,3327.12,3386.74,3309.47,2548.52,2572.15,1393.44,1393.44,1393.44,1393.44,1393.44,1393.44,1393.44,1393.44,1393.44,1393.44,1393.44,1393.44,1393.44,1393.44,1393.44,1393.44,1393.44,1393.44,1393.44,1393.44,1393.44
natural gas peaker,0.0,0.0,0.0,0.0,0.0,0.0,0.0,0.0,0.0,0.0,0.0,0.0,0.0,0.0,0.0,0.0,0.0,0.0,0.0,0.0,0.0,0.0,0.0,0.0,0.0,0.0,0.0,0.0,0.0,0.0,0.0
lignite,0.0,0.0,0.0,0.0,0.0,0.0,0.0,0.0,0.0,0.0,0.0,0.0,0.0,0.0,0.0,0.0,0.0,0.0,0.0,0.0,0.0,0.0,0.0,0.0,0.0,0.0,0.0,0.0,0.0,0.0,0.0
offshore wind,0.0,0.0,0.0,0.0,0.0,0.0,0.0,0.0,10049.3,23223.7,35418.6,35418.6,35418.6,35418.6,35418.6,35418.6,35418.6,35418.6,35418.6,35418.6,35418.6,35418.6,35418.6,35418.6,35418.6,35418.6,35418.6,35418.6,35418.6,35418.6,35418.6
crude oil,0.0,0.0,0.0,0.0,0.0,0.0,0.0,0.0,0.0,0.0,0.0,0.0,0.0,0.0,0.0,0.0,0.0,0.0,0.0,0.0,0.0,0.0,0.0,0.0,0.0,0.0,0.0,0.0,0.0,0.0,0.0
heavy or residual fuel oil,0.0,0.0,0.0,0.0,0.0,0.0,0.0,0.0,0.0,0.0,0.0,0.0,0.0,0.0,0.0,0.0,0.0,0.0,0.0,0.0,0.0,0.0,0.0,0.0,0.0,0.0,0.0,0.0,0.0,0.0,0.0
municipal solid waste,0.0,0.0,0.0,0.0,0.0,0.0,0.0,0.0,0.0,0.0,0.0,0.0,0.0,0.0,0.0,0.0,0.0,0.0,0.0,0.0,0.0,0.0,0.0,0.0,0.0,0.0,0.0,0.0,0.0,0.0,0.0
hard coal w CCS,0.0,0.0,0.0,0.0,0.0,0.0,0.0,0.0,0.0,0.0,0.0,0.0,0.0,0.0,0.0,0.0,0.0,0.0,0.0,0.0,0.0,0.0,0.0,0.0,0.0,0.0,0.0,0.0,0.0,0.0,0.0
natural gas combined cycle w CCS,0.0,0.0,0.0,0.0,0.0,0.0,0.0,0.0,0.0,0.0,0.0,0.0,0.0,0.0,0.0,0.0,0.0,0.0,0.0,0.0,0.0,0.0,0.0,0.0,0.0,0.0,0.0,0.0,0.0,0.0,0.0
biomass w CCS,0.0,0.0,0.0,0.0,0.0,0.0,0.0,0.0,0.0,0.0,0.0,0.0,0.0,0.0,0.0,0.0,0.0,0.0,0.0,0.0,0.0,0.0,0.0,0.0,0.0,0.0,0.0,0.0,0.0,0.0,0.0
lignite w CCS,0.0,0.0,0.0,0.0,0.0,0.0,0.0,0.0,0.0,0.0,0.0,0.0,0.0,0.0,0.0,0.0,0.0,0.0,0.0,0.0,0.0,0.0,0.0,0.0,0.0,0.0,0.0,0.0,0.0,0.0,0.0
small modular reactor,0.0,0.0,0.0,0.0,0.0,0.0,0.0,0.0,0.0,0.0,0.0,0.0,0.0,0.0,0.0,0.0,0.0,0.0,0.0,0.0,0.0,0.0,0.0,0.0,0.0,0.0,0.0,0.0,0.0,0.0,0.0
hydrogen combustion turbine,0.0,0.0,0.0,0.0,0.0,0.0,0.0,0.0,0.0,0.0,0.0,0.0,0.0,0.0,0.0,0.0,0.0,0.0,0.0,0.0,0.0,0.0,0.0,0.0,0.0,0.0,0.0,0.0,0.0,0.0,0.0
hydrogen combined cycle,0.0,0.0,0.0,0.0,0.0,0.0,0.0,0.0,0.0,0.0,0.0,0.0,0.0,0.0,0.0,0.0,0.0,0.0,0.0,0.0,0.0,0.0,0.0,0.0,0.0,0.0,0.0,0.0,0.0,0.0,0.0
,,,,,,,,,,,,,,,,,,,,,,,,,,,,,,,
,,,,,,,,,,,,,,,,,,,,,,,,,,,,,,,
,,,,,,,,,,,,,,,,,,,,,,,,,,,,,,,
